0.710436615,-4.0115E-142
0.712152569,1.109443719
0.713868492,2.287358901
0.715584383,3.207805909
0.717300242,4.208714642
0.719016069,5.100282592
0.720731864,5.634089381
0.722447626,6.51281428
0.724163357,6.754606447
0.725879055,7.053698514
0.72759472,7.116034435
0.729310353,7.005264165
0.731025954,6.996163299
0.732741522,6.215601727
0.734457057,5.622786912
0.736172559,4.829066921
0.737888029,3.90920963
0.739603465,2.858320965
0.741318869,1.900109719
0.743034239,1.015077535
0.744749576,0.707755197
0.74646488,0.335077971
0.74818015,0.12232062
0.749895387,0.082852965
0.751610591,-0.113086546
0.753325761,-0.053940307
0.755040897,-0.052594727
0.756756,-0.040473502
0.758471069,-0.033436587
0.760186104,-0.065626035
0.761901105,-0.039792395
0.763616072,-0.048088396
0.765331005,-0.04762279
0.767045904,-0.034563735
0.768760768,-0.121796637
0.770475598,0.016709861
0.772190394,-0.014279825
0.773905155,0.008290084
0.775619882,0.042583387
0.777334574,-0.021297099
0.779049231,-0.045177946
0.780763853,-0.028670304
0.782478441,-0.023784018
0.784192994,0.049430823
0.785907511,-0.051330411
0.787621994,-0.051981427
0.789336441,0.046101236
0.791050853,0.028359847
0.79276523,0.00515883
0.794479571,-0.103564571
0.796193877,0.006181033
0.797908147,-0.030214034
0.799622382,0.022514083
0.801336581,0.00239027
0.803050744,-0.034208747
0.804764871,0.069315483
0.806478962,-0.080386839
0.808193018,-0.045819485
0.809907037,-0.020325003
0.81162102,-0.075402162
0.813334967,0.110811323
0.815048877,0.088008447
0.816762751,0.090712861
0.818476588,0.110169958
0.820190389,0.162132859
0.821904154,0.270328673
0.823617881,0.404816495
0.825331572,0.487033429
0.827045226,0.491843927
0.828758843,0.589306879
0.830472423,0.843402478
0.832185966,0.971544736
0.833899472,1.001343274
0.83561294,1.179365188
0.837326372,1.45061385
0.839039765,1.606328715
0.840753122,1.651504559
0.84246644,1.982921566
0.844179721,2.437759129
0.845892965,2.670700749
0.84760617,3.042178964
0.849319338,3.524094373
0.851032468,4.191422176
0.85274556,4.625369076
0.854458614,5.463256387
0.856171629,6.399207352
0.857884606,7.377625437
0.859597545,8.168858755
0.861310446,9.197198226
0.863023308,9.938810716
0.864736132,11.18261781
0.866448917,11.86145052
0.868161663,12.61526965
0.86987437,13.39227205
0.871587039,13.99150016
0.873299669,14.45477329
0.875012259,14.87085074
0.876724811,14.94495188
0.878437323,14.44109024
0.880149796,13.26321871
0.88186223,12.41893007
0.883574625,10.95088319
0.88528698,9.583275813
0.886999295,7.864815083
0.888711571,6.708809177
0.890423807,5.368112146
0.892136004,4.778963613
0.89384816,3.777092275
0.895560277,3.225227318
0.897272353,2.779065866
0.89898439,2.406076036
0.900696386,2.194101971
0.902408342,1.873984335
0.904120258,1.773825419
0.905832134,1.488773953
0.907543969,1.275810967
0.909255763,1.228600407
0.910967517,1.09153365
0.91267923,1.030068048
0.914390903,1.064654521
0.916102534,0.806220906
0.917814125,0.716256378
0.919525674,0.696386561
0.921237183,0.622266951
0.92294865,0.595851406
0.924660076,0.506097919
0.926371461,0.556696777
0.928082805,0.324326639
0.929794107,0.48676121
0.931505367,0.294185993
0.933216586,0.33077746
0.934927763,0.335534613
0.936638899,0.289044735
0.938349993,0.182024605
0.940061044,0.169844559
0.941772054,0.051910576
0.943483022,0.244862253
0.945193947,0.055477173
0.94690483,0.159731333
0.948615671,0.182553745
0.95032647,0.092247672
0.952037226,0.074641327
0.95374794,0.141901884
0.955458611,0.086401876
0.957169239,0.080540443
0.958879825,0.169261751
0.960590368,0.08854787
0.962300867,0.120950356
0.964011324,0.19576363
0.965721738,0.254989593
0.967432109,0.351576974
0.969142436,0.245298949
0.970852721,0.2863649
0.972562961,0.394260845
0.974273159,0.37300774
0.975983313,0.469448552
0.977693423,0.444265825
0.979403489,0.588227745
0.981113512,0.666802204
0.982823491,0.778027538
0.984533426,0.87886856
0.986243318,0.870511719
0.987953165,1.03561099
0.989662968,1.035680396
0.991372726,1.258827945
0.993082441,1.372420973
0.994792111,1.598368138
0.996501737,2.032997622
0.998211318,2.292469909
0.999920855,2.452691278
1.001630346,3.049319087
1.003339794,3.599871497
1.005049196,3.939897999
1.006758554,4.615620252
1.008467866,5.084639397
1.010177133,5.886813934
1.011886356,6.655651483
1.013595533,7.592783081
1.015304665,8.297436547
1.017013751,9.028142995
1.018722792,10.28872756
1.020431788,10.96315767
1.022140738,12.04942129
1.023849642,12.08635553
1.025558501,12.17572126
1.027267314,12.27491989
1.028976081,11.69884316
1.030684802,11.0280851
1.032393477,9.95867389
1.034102105,8.71727504
1.035810688,7.704063236
1.037519224,6.448582841
1.039227714,5.562679123
1.040936158,4.612814971
1.042644555,3.883337526
1.044352906,3.311292804
1.04606121,2.758405515
1.047769467,2.28017882
1.049477677,2.022455918
1.051185841,1.593437045
1.052893957,1.103919909
1.054602027,1.054424874
1.056310049,0.643967169
1.058018024,0.557756198
1.059725952,0.395505843
1.061433833,0.172869073
1.063141666,0.083338772
1.064849452,-0.004882484
1.06655719,-0.188004713
1.06826488,-0.040178221
1.069972523,-0.130386029
1.071680118,0.086116183
1.073387665,0.149076488
1.075095164,-0.013661904
1.076802616,0.180533853
1.078510019,0.229968394
1.080217373,0.216615706
1.08192468,0.018122903
1.083631938,-0.011130586
1.085339148,0.010346931
1.08704631,-0.118008736
1.088753423,-0.075408897
1.090460487,-0.083188411
1.092167502,-0.345421996
1.093874469,-0.138762143
1.095581387,-0.311666953
1.097288256,-0.162159541
1.098995076,-0.151193096
1.100701847,0.10811395
1.102408568,0.122484095
1.104115241,0.172455166
1.105821864,0.326871414
1.107528438,0.144360691
1.109234962,0.364408514
1.110941437,0.402801603
1.112647862,0.365623898
1.114354237,0.345717885
1.116060563,0.282235051
1.117766839,0.486901466
1.119473064,0.381409475
1.12117924,0.349047853
1.122885366,0.300769677
1.124591442,0.365480174
1.126297467,0.453271621
1.128003442,0.30512396
1.129709367,0.382473217
1.131415241,0.450996813
1.133121065,0.462535605
1.134826838,0.575436327
1.13653256,0.514036954
1.138238232,0.699109511
1.139943853,0.681431878
1.141649422,0.684121989
1.143354941,0.633050608
1.145060409,0.945798661
1.146765826,1.026517088
1.148471191,1.178935705
1.150176505,1.274599205
1.151881768,1.46135359
1.153586979,1.773125371
1.155292139,1.919737828
1.156997247,2.236432783
1.158702304,2.850610929
1.160407308,3.055812663
1.162112261,3.644271655
1.163817162,4.136354537
1.165522011,4.55579323
1.167226808,5.38677414
1.168931553,6.124894209
1.170636245,6.533175166
1.172340886,7.341876979
1.174045474,7.84429666
1.175750009,7.59792091
1.177454492,7.567582193
1.179158923,7.416324593
1.1808633,6.909766057
1.182567625,6.336138397
1.184271897,5.813231678
1.185976117,5.014395286
1.187680283,4.175277159
1.189384396,3.732340514
1.191088456,2.981122531
1.192792463,2.411076188
1.194496417,2.162075653
1.196200317,1.821156939
1.197904164,1.68674941
1.199607957,1.284246399
1.201311697,1.123672252
1.203015383,0.972637841
1.204719015,0.889648937
1.206422594,0.777991499
1.208126118,0.669368556
1.209829589,0.588962952
1.211533006,0.474729461
1.213236368,0.462830761
1.214939677,0.385187314
1.216642931,0.322524794
1.21834613,0.183627336
1.220049276,0.328755914
1.221752366,0.255622224
1.223455403,0.144937317
1.225158384,0.122373809
1.226861311,-0.058617065
1.228564183,0.268140034
1.230267,0.042464784
1.231969763,0.100108553
1.23367247,0.055157502
1.235375122,0.071861734
1.237077719,0.078329797
1.23878026,0.117534468
1.240482747,0.050036446
1.242185178,0.075556241
1.243887553,0.170307187
1.245589873,-0.037537365
1.247292137,0.029639673
1.248994346,-0.060929495
1.250696498,0.046442439
1.252398595,0.107145748
1.254100636,-0.030708394
1.255802621,-0.060685405
1.25750455,0.014232386
1.259206423,0.070130034
1.260908239,0.054315231
1.262609999,0.015648888
1.264311703,0.017345377
1.26601335,0.050773601
1.267714941,0.105488031
1.269416475,0.148020263
1.271117952,0.196005645
1.272819373,0.141412522
1.274520736,0.184252962
1.276222043,0.10111124
1.277923293,0.240131929
1.279624485,0.14797293
1.281325621,0.219711435
1.283026699,0.132668444
1.28472772,0.2797841
1.286428684,0.32879802
1.28812959,0.297233286
1.289830439,0.486610652
1.29153123,0.487616316
1.293231963,0.625592865
1.294932638,0.554666797
1.296633256,0.752806041
1.298333816,0.918955605
1.300034318,0.96962184
1.301734761,1.107555605
1.303435147,1.222275463
1.305135474,1.322780904
1.306835743,1.514704066
1.308535954,1.769230392
1.310236106,1.849058537
1.3119362,2.320739071
1.313636235,2.709459889
1.315336211,3.079096226
1.317036129,3.346871522
1.318735988,3.755259662
1.320435788,4.052390033
1.322135529,4.37988224
1.323835211,4.458835091
1.325534834,4.785971007
1.327234397,4.673017469
1.328933901,4.466985207
1.330633346,4.132186646
1.332332732,3.950909065
1.334032058,3.618224762
1.335731324,3.318221788
1.337430531,2.987515151
1.339129678,2.489406542
1.340828765,2.036785014
1.342527792,1.740527687
1.34422676,1.310099946
1.345925667,1.314943877
1.347624514,1.116381423
1.349323301,1.026704245
1.351022028,0.79514159
1.352720694,0.820205539
1.3544193,0.743085913
1.356117845,0.462848784
1.35781633,0.478140631
1.359514754,0.459268317
1.361213118,0.42132728
1.362911421,0.396656837
1.364609662,0.408224134
1.366307843,0.347192297
1.368005963,0.28602156
1.369704022,0.270723421
1.371402019,0.209336839
1.373099955,0.130510843
1.37479783,0.32290689
1.376495644,0.240219302
1.378193396,0.257697991
1.379891086,0.101314887
1.381588715,0.294809658
1.383286282,0.114857846
1.384983788,0.111024713
1.386681231,0.114979938
1.388378613,0.097571899
1.390075932,0.097677414
1.39177319,0.226555172
1.393470385,0.074531195
1.395167518,0.139230922
1.396864589,-0.060260047
1.398561597,0.161369052
1.400258543,0.022306308
1.401955426,0.15817179
1.403652247,0.032573865
1.405349005,0.145209173
1.4070457,0.072615177
1.408742332,0.072990444
1.410438902,0.055581848
1.412135408,-0.027242231
1.413831852,0.034600826
1.415528232,0.064842618
1.417224549,0.154876692
1.418920802,0.153536053
1.420616993,0.068441587
1.42231312,0.196864769
1.424009183,0.107660366
1.425705183,0.110366652
1.427401119,0.257474703
1.429096991,0.196191468
1.430792799,-0.040118789
1.432488544,0.151733994
1.434184224,0.1727937
1.435879841,0.187881275
1.437575393,0.021172532
1.439270881,0.196000256
1.440966305,0.188974633
1.442661664,0.230643018
1.44435696,0.321193071
1.44605219,0.434374171
1.447747356,0.395148351
1.449442457,0.376238692
1.451137494,0.528797625
1.452832465,0.528462543
1.454527372,0.650959195
1.456222214,0.654931677
1.457916991,0.782059391
1.459611702,0.98966547
1.461306349,0.922158383
1.46300093,1.149055066
1.464695446,1.258986602
1.466389896,1.183352209
1.468084281,1.382520128
1.469778601,1.528336057
1.471472854,1.465087608
1.473167042,1.507388876
1.474861165,1.474728311
1.476555221,1.360396778
1.478249211,1.430470906
1.479943135,1.27636104
1.481636994,1.308034435
1.483330786,1.104931851
1.485024511,1.102490347
1.486718171,0.9978172
1.488411764,0.863782249
1.49010529,0.716245009
1.49179875,0.854561656
1.493492144,0.736150179
1.49518547,0.542992221
1.49687873,0.415423085
1.498571923,0.460680205
1.500265049,0.469436266
1.501958108,0.143400701
1.5036511,0.093128737
1.505344025,-0.042986891
1.507036883,0.087596799
1.508729673,0.120363728
1.510422396,-0.094077002
1.512115051,0.045083208
1.513807639,-0.145174228
1.515500159,0.102178877
1.517192612,0.068374849
1.518884996,0.081674247
1.520577313,0.335958916
1.522269562,0.374235397
1.523961743,0.274929459
1.525653856,0.23398725
1.527345901,-0.142780177
1.529037878,-0.229707184
1.530729786,-0.266118915
1.532421626,-0.321967521
1.534113397,-0.154151913
1.5358051,-0.224274199
1.537496734,-0.041659932
1.5391883,-0.077597398
1.540879797,0.035159057
1.542571225,0.119100057
1.544262584,0.176501429
1.545953874,0.444832893
1.547645095,0.284369468
1.549336247,0.287218513
1.55102733,0.274135286
1.552718344,0.256926871
1.554409288,0.313586542
1.556100163,0.15180259
1.557790968,0.236610055
1.559481703,0.150643015
1.561172369,0.237165617
1.562862966,0.100537659
1.564553492,0.212042859
1.566243949,0.089895329
1.567934335,0.032171655
1.569624652,0.142196627
1.571314898,-0.080368802
1.573005074,-0.000512637
1.57469518,-0.063715652
1.576385216,-0.026839041
1.578075181,-0.039214062
1.579765076,0.020089512
1.5814549,-0.048405419
1.583144654,-0.054129853
1.584834337,-0.057596459
1.586523949,0.002024984
1.58821349,0.066326969
1.58990296,-0.056588444
1.591592359,0.023681184
1.593281688,0.027224224
1.594970945,-0.00997792
1.59666013,0.009476538
1.598349245,-0.05502501
1.600038288,0.028153768
1.601727259,-0.116092306
1.603416159,-0.031705613
1.605104988,0.004992032
1.606793744,-0.038151393
1.608482429,0.000976176
1.610171042,0.040227481
1.611859583,-0.078585255
1.613548052,0.034177389
1.61523645,0.096681043
1.616924774,0.115650901
1.618613027,0.088631038
1.620301208,0.068498202
1.621989316,0.159166367
1.623677351,0.233898065
1.625365314,0.174621705
1.627053205,0.319110407
1.628741022,0.234345713
1.630428767,0.219078968
1.63211644,0.194509799
1.633804039,0.286288853
1.635491565,0.121995839
1.637179019,0.167310928
1.638866399,0.173058973
1.640553706,0.171837951
1.642240939,0.07232826
1.6439281,0.153079473
1.645615186,0.144889716
1.6473022,0.167250554
1.64898914,0.119144734
1.650676006,0.009747304
1.652362798,-0.033869828
1.654049517,0.089990215
1.655736161,0.100767956
1.657422732,0.059569455
1.659109229,0.203003767
1.660795652,0.114482276
1.662482,0.061390902
1.664168274,0.084242832
1.665854474,-0.023647362
1.667540599,-0.06268961
1.66922665,-0.042559963
1.670912627,0.142337503
1.672598528,-0.01162082
1.674284355,0.087678838
1.675970108,-0.021120479
1.677655785,0.155184276
1.679341388,0.115891479
1.681026915,0.179873946
1.682712367,0.109312174
1.684397745,0.19517468
1.686083047,0.160705374
1.687768273,0.227575141
1.689453424,0.328461184
1.6911385,0.514283364
1.6928235,0.376003546
1.694508425,0.460523277
1.696193274,0.377770422
1.697878047,0.712857015
1.699562745,0.659462083
1.701247366,0.647385915
1.702931911,0.793807838
1.704616381,0.772155861
1.706300774,0.801807633
1.707985091,0.782627857
1.709669332,0.832016507
1.711353496,0.609380204
1.713037584,0.644023443
1.714721596,0.698436025
1.71640553,0.57833262
1.718089388,0.635322224
1.71977317,0.675212237
1.721456874,0.744843676
1.723140502,0.775125447
1.724824053,0.647184878
1.726507527,0.803794386
1.728190923,0.797152284
1.729874243,0.745852854
1.731557485,1.047303726
1.733240649,0.956433644
1.734923737,0.974964747
1.736606747,1.38246637
1.738289679,1.289267004
1.739972533,1.318317049
1.74165531,1.677614276
1.74333801,1.734761036
1.745020631,1.877289851
1.746703174,2.110499325
1.748385639,2.487440293
1.750068027,2.550878607
1.751750336,2.914079926
1.753432566,2.920214394
1.755114719,3.246824242
1.756796793,3.771190134
1.758478788,3.864337431
1.760160705,4.112126488
1.761842544,4.57841282
1.763524304,4.355719249
1.765205985,4.653184257
1.766887587,5.078437751
1.76856911,5.064337543
1.770250554,5.282086262
1.771931919,5.321789328
1.773613205,5.249255665
1.775294412,5.3504062
1.776975539,5.259885048
1.778656587,5.051359066
1.780337556,4.773170894
1.782018445,4.355783925
1.783699254,4.066021141
1.785379984,3.912014473
1.787060634,3.410021877
1.788741205,2.863151163
1.790421695,2.808100356
1.792102105,2.373154787
1.793782436,2.219236064
1.795462686,2.352427065
1.797142856,1.8845853
1.798822946,1.592221772
1.800502955,1.725266902
1.802182884,1.533587716
1.803862733,1.487306822
1.8055425,1.279396699
1.807222188,1.350202952
1.808901794,1.167886114
1.81058132,1.27277726
1.812260765,1.131930354
1.813940129,1.077270459
1.815619412,1.208728338
1.817298613,1.106847639
1.818977734,0.954852245
1.820656773,1.118273116
1.822335731,1.12932338
1.824014608,1.016519993
1.825693403,0.877121296
1.827372117,0.87484693
1.829050749,1.110632421
1.830729299,0.933931333
1.832407768,1.133241745
1.834086154,1.115450237
1.835764459,1.05781768
1.837442682,1.101129939
1.839120822,1.027462706
1.840798881,1.028276154
1.842476857,1.050463305
1.844154751,1.224914653
1.845832563,1.389075787
1.847510292,1.398439116
1.849187939,1.273944649
1.850865503,1.369070596
1.852542984,1.531526108
1.854220383,1.3773325
1.855897699,1.505242925
1.857574931,1.75460513
1.859252081,1.778138359
1.860929148,1.850316016
1.862606132,1.847060406
1.864283033,2.033072984
1.86595985,2.211387129
1.867636584,2.482212495
1.869313234,2.493295249
1.870989801,2.659169714
1.872666285,2.724874673
1.874342685,3.013810708
1.876019001,3.276145819
1.877695233,3.380953551
1.879371382,3.854383844
1.881047446,4.257802612
1.882723427,4.459743685
1.884399323,4.897524498
1.886075135,5.259517312
1.887750863,5.630511867
1.889426507,6.167031974
1.891102066,6.641468288
1.892777541,7.182934055
1.894452931,7.474919142
1.896128237,8.092836384
1.897803457,8.899700996
1.899478594,9.031429018
1.901153645,9.860308562
1.902828611,10.23692873
1.904503493,10.26242665
1.906178289,11.0064082
1.907853,11.46038219
1.909527626,11.99312446
1.911202167,12.70781698
1.912876622,12.75277278
1.914550992,13.58403159
1.916225276,13.95652056
1.917899475,14.12864268
1.919573588,14.05224755
1.921247615,13.54742696
1.922921557,13.66646422
1.924595412,13.59782861
1.926269182,12.95628785
1.927942866,12.83623699
1.929616463,11.98446905
1.931289974,10.96765624
1.932963399,9.957269392
1.934636738,9.404844937
1.93630999,8.444560912
1.937983156,7.864098399
1.939656235,7.240036758
1.941329228,6.716746837
1.943002134,6.18392499
1.944674953,6.104303846
1.946347685,5.621008698
1.94802033,5.108327454
1.949692889,5.175550698
1.95136536,4.917993882
1.953037744,4.602888131
1.954710041,4.709887828
1.95638225,4.422597487
1.958054372,4.129042284
1.959726407,4.175829358
1.961398354,3.884375628
1.963070213,3.836356513
1.964741985,3.86010641
1.966413669,3.800530828
1.968085265,3.62859169
1.969756774,3.822334838
1.971428194,3.846301493
1.973099526,3.783723874
1.97477077,3.463811209
1.976441926,3.467343862
1.978112994,3.520152463
1.979783973,3.61658529
1.981454864,3.518819447
1.983125666,3.359896011
1.98479638,3.404224986
1.986467005,3.614572894
1.988137542,3.8428509
1.989807989,3.879144586
1.991478348,3.816295953
1.993148618,3.881923831
1.994818798,3.80147464
1.99648889,3.74725128
1.998158892,3.991874407
1.999828805,4.143142554
2.001498629,3.992300817
2.003168364,4.296774245
2.004838009,4.463601203
2.006507564,4.398137148
2.00817703,4.494710569
2.009846406,4.815762372
2.011515692,5.143383043
2.013184889,4.901073952
2.014853995,5.421845093
2.016523012,5.173476674
2.018191938,5.912052941
2.019860775,6.379041612
2.021529521,6.546907758
2.023198177,7.131466898
2.024866742,7.017666894
2.026535217,7.600903393
2.028203601,7.878106114
2.029871895,8.660407533
2.031540099,9.172321738
2.033208211,9.697221166
2.034876233,9.708183653
2.036544163,10.65125336
2.038212003,10.94220188
2.039879752,11.69316265
2.04154741,12.00677104
2.043214976,12.46842915
2.044882451,12.8858295
2.046549835,13.41257542
2.048217127,13.86794399
2.049884328,14.55072552
2.051551438,14.95974036
2.053218455,15.43613409
2.054885381,16.2254411
2.056552216,16.94958316
2.058218958,17.42021566
2.059885609,17.99201008
2.061552167,17.8199808
2.063218633,18.62154721
2.064885008,18.69657875
2.066551289,18.89983888
2.068217479,19.32631391
2.069883576,18.35436828
2.071549581,18.29799444
2.073215493,18.0884798
2.074881313,16.57030057
2.07654704,15.62886926
2.078212674,14.81152098
2.079878216,14.1216869
2.081543664,13.05841518
2.08320902,12.40258249
2.084874282,11.24941395
2.086539452,10.66467969
2.088204528,10.34435791
2.089869511,9.977083982
2.0915344,9.268862715
2.093199196,8.831723879
2.094863899,8.536240395
2.096528508,8.047737753
2.098193023,7.418340167
2.099857445,7.682371555
2.101521773,7.314716746
2.103186007,7.234814201
2.104850147,6.962895898
2.106514193,7.012233669
2.108178145,6.64865061
2.109842003,6.678653999
2.111505766,6.415772295
2.113169436,6.322460705
2.114833011,6.586130814
2.116496491,6.289489132
2.118159877,5.863989157
2.119823168,6.231796727
2.121486365,5.929538212
2.123149466,5.971984186
2.124812473,5.851661226
2.126475385,5.955281328
2.128138202,5.244566362
2.129800924,5.23633419
2.131463551,4.814351304
2.133126083,4.895386075
2.134788519,4.848549075
2.13645086,4.357581421
2.138113106,4.426306116
2.139775256,4.298433843
2.141437311,4.760720658
2.143099269,4.636524344
2.144761133,5.004589923
2.1464229,5.021524108
2.148084571,6.087176369
2.149746147,5.856152566
2.151407626,6.136158049
2.15306901,6.299037064
2.154730297,6.053414468
2.156391488,5.227543261
2.158052583,5.189497415
2.159713581,5.429197035
2.161374483,4.838403685
2.163035288,4.811251282
2.164695996,4.926694174
2.166356608,5.026745408
2.168017124,5.736720837
2.169677542,5.875537233
2.171337863,6.498910245
2.172998088,7.22244188
2.174658215,8.205047941
2.176318245,8.373456202
2.177978178,8.824971348
2.179638014,9.375345886
2.181297753,10.15211429
2.182957394,10.15905714
2.184616937,10.81230048
2.186276383,10.68923754
2.187935731,10.8102727
2.189594982,11.31315648
2.191254134,11.70702757
2.192913189,11.93336963
2.194572146,11.8371549
2.196231005,12.52101099
2.197889765,12.23456844
2.199548428,12.53216137
2.201206992,12.83869039
2.202865458,12.93845894
2.204523826,13.85005072
2.206182095,13.86492707
2.207840265,14.53247862
2.209498337,14.97603972
2.211156311,14.62977123
2.212814185,14.32901713
2.214471961,14.95186039
2.216129638,14.37880941
2.217787215,14.40539092
2.219444694,13.58830262
2.221102074,13.31833012
2.222759354,12.39897834
2.224416535,11.89433324
2.226073617,10.97874962
2.227730599,9.968111179
2.229387482,9.610279518
2.231044265,9.047923627
2.232700948,8.424362231
2.234357532,8.097758573
2.236014016,6.520357188
2.2376704,6.600817383
2.239326684,6.255007379
2.240982869,5.700236421
2.242638953,5.474173293
2.244294937,5.517100917
2.24595082,5.169226756
2.247606603,4.449736399
2.249262286,4.478476884
2.250917869,4.365389546
2.252573351,4.404335405
2.254228732,4.138731441
2.255884013,3.970950225
2.257539192,3.758825487
2.259194271,3.678738342
2.260849249,3.523811213
2.262504127,3.266641593
2.264158903,3.169012078
2.265813577,3.272226987
2.267468151,3.389307214
2.269122624,3.052785933
2.270776995,2.924052537
2.272431264,2.966059606
2.274085432,3.056087376
2.275739499,2.865502322
2.277393464,2.523806307
2.279047327,2.901991944
2.280701088,2.683424398
2.282354748,2.787570715
2.284008305,2.547963713
2.285661761,2.910480078
2.287315114,2.722335448
2.288968366,2.468371667
2.290621515,2.81120452
2.292274561,2.512043555
2.293927506,2.540921636
2.295580348,2.559512461
2.297233087,2.838000133
2.298885724,2.957528589
2.300538258,2.68863202
2.302190689,2.860431212
2.303843017,3.088202244
2.305495243,2.971944432
2.307147365,2.900800789
2.308799385,3.352428132
2.310451301,2.985041341
2.312103114,3.182725883
2.313754824,3.293431128
2.315406431,3.628243903
2.317057934,3.722119547
2.318709334,3.619975997
2.32036063,3.542247949
2.322011822,4.001492423
2.323662911,3.755413456
2.325313896,4.373975185
2.326964777,4.335527243
2.328615554,4.068092083
2.330266227,4.406636836
2.331916796,4.579969381
2.333567261,4.460512602
2.335217621,4.443401643
2.336867877,5.09497204
2.338518029,4.80581507
2.340168077,4.987561565
2.34181802,5.006498329
2.343467858,5.142670258
2.345117592,5.392829788
2.346767221,5.604346927
2.348416745,5.716608137
2.350066164,5.939548364
2.351715478,5.442645566
2.353364687,5.879948466
2.355013791,5.889424536
2.35666279,6.156356196
2.358311684,6.359381285
2.359960472,6.501906939
2.361609155,6.422468578
2.363257732,6.037952505
2.364906204,5.656297097
2.36655457,5.590057915
2.368202831,5.318368129
2.369850985,5.167994178
2.371499034,4.684823608
2.373146977,4.815640085
2.374794814,4.07396488
2.376442545,3.911625604
2.378090169,3.886746206
2.379737688,3.352496968
2.3813851,3.179992152
2.383032406,3.107971152
2.384679605,2.822803215
2.386326698,2.728393279
2.387973684,2.470844507
2.389620563,2.474542967
2.391267336,2.166428577
2.392914002,2.355506452
2.394560561,2.169343316
2.396207013,2.098464429
2.397853359,1.733858826
2.399499597,1.860889798
2.401145727,1.982229573
2.402791751,1.581111067
2.404437667,1.592305747
2.406083476,1.225511188
2.407729178,1.047378897
2.409374771,0.766606953
2.411020258,1.131375473
2.412665636,1.181222214
2.414310907,1.048570011
2.41595607,1.014310583
2.417601125,0.621504099
2.419246072,0.750183007
2.420890911,0.560387889
2.422535642,1.100534879
2.424180264,0.865044075
2.425824779,0.960445292
2.427469185,0.865115237
2.429113482,1.038493993
2.430757671,1.148235955
2.432401752,0.861655658
2.434045723,0.890755552
2.435689587,1.018246425
2.437333341,0.589135467
2.438976986,0.725053664
2.440620523,0.646076092
2.44226395,0.656461521
2.443907269,0.671854888
2.445550478,0.476109804
2.447193578,0.518949942
2.448836569,0.291370051
2.45047945,0.599860367
2.452122222,0.6007363
2.453764884,0.342172504
2.455407437,0.436871578
2.45704988,0.607076324
2.458692213,0.672076797
2.460334437,0.620296785
2.46197655,0.628884739
2.463618554,0.599753465
2.465260447,0.627349882
2.466902231,0.299271935
2.468543904,0.626018309
2.470185467,1.10880169
2.47182692,0.530033632
2.473468262,0.668077074
2.475109494,0.741792416
2.476750615,0.849918044
2.478391625,0.809802779
2.480032525,0.735381162
2.481673314,0.74478221
2.483313993,0.910730401
2.48495456,0.947136727
2.486595016,0.92248951
2.488235361,0.702722615
2.489875596,1.057035319
2.491515718,1.009580943
2.49315573,1.061827249
2.49479563,0.991370062
2.496435419,1.201316679
2.498075096,1.119427915
2.499714662,1.041304247
2.501354116,0.916884498
2.502993459,1.266450908
2.504632689,1.049525462
2.506271808,1.125743239
2.507910814,1.306478337
2.509549709,0.949972556
2.511188492,0.890979448
2.512827162,0.839689974
2.51446572,0.772860387
2.516104166,0.942676626
2.5177425,0.468153108
2.519380721,0.595350923
2.521018829,0.648902745
2.522656825,0.445646143
2.524294708,0.565509496
2.525932479,0.451648019
2.527570136,0.341555978
2.529207681,0.289927388
2.530845113,0.406365433
2.532482431,0.319601959
2.534119637,0.170099722
2.535756729,0.349592246
2.537393709,0.047016555
2.539030574,0.105127666
2.540667327,0.155531952
2.542303966,0.131370551
2.543940491,-0.042304335
2.545576903,0.177610457
2.547213201,0.157514174
2.548849385,-0.095293557
2.550485455,0.164762543
2.552121412,0.160576151
2.553757254,0.061534522
2.555392983,0.05340992
2.557028597,0.045327438
2.558664097,0.092783266
2.560299483,0.26732352
2.561934754,-0.050134442
2.563569911,0.092895351
2.565204953,0.144744181
2.566839881,0.033545857
2.568474694,0.117409437
2.570109393,0.041999131
2.571743976,-0.025498226
2.573378445,-0.093049381
2.575012799,-0.151572326
2.576647038,0.16183014
2.578281162,-0.000543108
2.57991517,0.005132575
2.581549064,0.034929764
2.583182842,0.016680191
2.584816504,-0.089891427
2.586450052,0.052604823
2.588083483,0.026449317
2.589716799,0.072768647
2.59135,-0.162800646
2.592983084,0.218218619
2.594616053,-0.130491277
2.596248906,0.061467624
2.597881643,0.055740826
2.599514264,-0.018706002
2.601146769,-0.085119417
2.602779157,-0.066498234
2.60441143,0.077912385
2.606043586,-0.012762462
2.607675625,0.132037723
2.609307548,0.029179975
2.610939355,0.056389172
2.612571045,-0.022153494
2.614202618,0.168153059
2.615834075,-0.195757402
2.617465414,0.22336924
2.619096637,0.05916549
2.620727743,0.033734214
2.622358732,-0.10213448
2.623989603,0.003391948
2.625620357,-0.013778349
2.627250995,-0.039120155
2.628881514,-0.01109309
2.630511917,-0.019929167
2.632142201,-0.069827391
2.633772369,-0.008674009
2.635402418,-0.058527659
2.63703235,-0.017754158
2.638662164,-0.067579156
2.64029186,-0.072028986
2.641921439,0.022698522
2.643550899,0.055631431
2.645180241,0.076264104
2.646809465,0.109407954
2.648438571,0.184096846
2.650067558,0.001864991
2.651696428,-0.089297972
2.653325178,-0.03146613
2.654953811,0.018202578
2.656582324,-0.06926904
2.658210719,-0.081883183
2.659838995,-0.006961942
2.661467153,0.097325298
2.663095191,0.051603542
2.664723111,0.097749294
2.666350911,0.110588639
2.667978593,0.09422543
2.669606155,0.086267545
2.671233598,0.044838318
2.672860922,0.112419584
2.674488126,0.087847991
2.676115211,0.138889071
2.677742176,0.047170401
2.679369022,-0.019396841
2.680995748,0.031857083
2.682622354,0.007419266
2.684248841,-0.0085657
2.685875207,-0.020297278
2.687501454,-0.044656664
2.68912758,0.03243223
2.690753587,0.046259619
2.692379473,-0.041419
2.694005239,-0.112231668
2.695630885,0.041800898
2.69725641,0.140978771
2.698881815,-0.061101341
2.700507099,-0.101960772
2.702132262,0.061232622
2.703757305,0.220485345
2.705382227,0.141519256
2.707007029,0.079540027
2.708631709,0.11564359
2.710256268,0.100630127
2.711880707,0.141198914
2.713505024,-0.151645741
2.71512922,0.124278812
2.716753295,0.092333313
2.718377248,0.188981881
2.72000108,0.221499026
2.72162479,0.043778421
2.723248379,0.12790707
2.724871846,0.061743847
2.726495192,0.090200732
2.728118416,0.028331615
2.729741517,-0.003406578
2.731364497,0.180512125
2.732987355,0.084219581
2.734610091,0.018075053
2.736232705,0.168037264
2.737855196,0.240418815
2.739477566,0.170093217
2.741099812,0.203712242
2.742721937,0.172397731
2.744343939,0.214871425
2.745965818,0.274844121
2.747587575,0.239347317
2.749209209,0.147307929
2.75083072,0.233669338
2.752452108,0.185170614
2.754073373,0.084338107
2.755694516,0.144854119
2.757315535,0.039589802
2.758936431,0.052216098
2.760557204,-0.079400834
2.762177853,0.064580386
2.763798379,0.077439034
2.765418782,0.077228078
2.767039061,0.090238999
2.768659217,-0.155698291
2.770279248,0.120898988
2.771899157,0.208908617
2.773518941,0.147498952
2.775138601,0.046421586
2.776758138,-0.010677145
2.77837755,0.007178786
2.779996839,0.108990232
2.781616003,0.19335018
2.783235043,0.070124114
2.784853958,0.092768829
2.78647275,0.115510176
2.788091416,0.045298021
2.789709959,0.085899284
2.791328376,0.126624795
2.792946669,0.052004806
2.794564837,0.048445527
2.796182881,0.222860873
2.797800799,-0.016370061
2.799418593,0.234117736
2.801036261,0.101649778
2.802653804,0.428581594
2.804271223,0.162235673
2.805888515,0.087685147
2.807505683,0.281389418
2.809122725,0.135338211
2.810739642,0.141398779
2.812356433,0.07133731
2.813973098,0.17167722
2.815589638,0.034325297
2.817206052,-0.053758258
2.81882234,-0.047504286
2.820438503,0.017309999
2.822054539,0.055270941
2.823670449,-0.001271744
2.825286233,-0.066854742
2.826901891,-0.02868169
2.828517423,0.045741775
2.830132828,-0.03332434
2.831748107,0.059427127
2.83336326,0.057327474
2.834978286,0.082467126
2.836593185,0.075975258
2.838207957,0.087683843
2.839822603,-0.059431258
2.841437122,-0.12946448
2.843051514,0.062007544
2.844665779,0.071815106
2.846279917,0.099916643
2.847893928,0.119009703
2.849507811,0.165559762
2.851121568,0.061625864
2.852735197,0.039816267
2.854348698,0.159740568
2.855962072,-0.040305549
2.857575319,0.047821557
2.859188438,0.104075712
2.860801429,-0.009160132
2.862414292,0.024322797
2.864027028,0.117612728
2.865639635,-0.105959781
2.867252115,0.010494302
2.868864466,-0.020078638
2.87047669,-0.198009731
2.872088785,0.023311744
2.873700751,0.088207048
2.87531259,0.204038917
2.8769243,0.019851604
2.878535882,0.11744388
2.880147334,0.053327891
2.881758659,0.077145353
2.883369854,0.054731445
2.884980921,-0.00010757
2.886591859,0.028558197
2.888202668,-0.077331692
2.889813348,-0.090373916
2.891423899,0.050096126
2.893034321,-0.130283014
2.894644613,-0.049050639
2.896254777,-0.004919127
2.89786481,0.095316029
2.899474715,0.326465675
2.90108449,0.072206653
2.902694135,0.186943871
2.904303651,-0.002170931
2.905913037,0.005132242
2.907522293,-0.034340484
2.909131419,0.160629462
2.910740416,-0.071035072
2.912349282,-0.054106998
2.913958018,0.113285123
2.915566624,-0.13284127
2.9171751,0.077227777
2.918783446,0.066322202
2.920391661,0.083745004
2.921999746,-0.077970924
2.9236077,0.085825482
2.925215523,-0.11378475
2.926823216,0.031451733
2.928430779,-0.040636507
2.93003821,0.450587368
2.931645511,0.009305834
2.93325268,-0.010608036
2.934859719,0.054916916
2.936466626,0.210817831
2.938073403,-0.065375446
2.939680048,-0.099402071
2.941286562,-0.076562778
2.942892944,0.194003632
2.944499195,0.074259383
2.946105314,0.116553702
2.947711302,0.001481406
2.949317158,0.091679551
2.950922883,0.464072232
2.952528475,0.23440822
2.954133936,0.00447356
2.955739265,0.099996778
2.957344462,0.15737814
2.958949526,0.075793224
2.960554459,0.022959797
2.962159259,-0.087534152
2.963763927,0.258609658
2.965368463,0.191562076
2.966972866,0.008929528
2.968577136,0.173012679
2.970181274,-0.019409617
2.97178528,0.034045539
2.973389152,-0.033074744
2.974992892,-0.061566468
2.976596499,-0.017493544
2.978199973,0.268683081
2.979803314,0.134007369
2.981406521,0.163983643
2.983009596,0.092220845
2.984612537,-0.028114328
2.986215345,0.181725614
2.98781802,0.022531159
2.989420561,-0.083321207
2.991022969,-0.101640722
2.992625243,-0.075271417
2.994227384,-0.097543335
2.99582939,0.02657064
2.997431263,0.03376836
2.999033002,0.065471987
3.000634607,0.268403756
3.002236078,0.094975122
3.003837415,0.107413478
3.005438618,0.036645061
3.007039686,0.059002617
3.00864062,0.101088049
3.01024142,0.138392847
3.011842085,0.234786108
3.013442616,0.124858077
3.015043012,0.37898816
3.016643274,0.29376525
3.018243401,0.33168885
3.019843392,0.399325617
3.021443249,0.63492427
3.023042972,0.544976224
3.024642559,0.860234305
3.026242011,0.770456374
3.027841327,0.992430571
3.029440509,1.214793353
3.031039555,1.090586836
3.032638466,1.635885315
3.034237241,1.715451001
3.035835881,2.018725819
3.037434385,1.929809738
3.039032754,2.154220988
3.040630987,2.533340026
3.042229084,2.265470341
3.043827045,2.116926781
3.04542487,2.202707056
3.047022559,2.198817529
3.048620112,2.045114764
3.050217529,2.056241467
3.05181481,1.842316426
3.053411954,1.843437515
3.055008962,1.714363884
3.056605833,1.2342098
3.058202568,1.124722562
3.059799166,1.030210899
3.061395628,0.779872791
3.062991953,0.544330902
3.064588141,0.655711212
3.066184192,0.475272359
3.067780106,0.471007768
3.069375884,0.497062321
3.070971524,0.291103752
3.072567027,0.30710847
3.074162392,0.363632854
3.075757621,0.182634331
3.077352712,0.269654777
3.078947665,0.068216425
3.080542481,-0.103031623
3.08213716,-0.10709935
3.0837317,-0.030264996
3.085326103,-0.004035399
3.086920369,0.129027132
3.088514496,0.114863705
3.090108485,0.034589935
3.091702336,0.010295893
3.09329605,0.006424949
3.094889625,-0.048381818
3.096483062,-0.006222882
3.09807636,-0.045651107
3.09966952,-0.008398355
3.101262542,-0.190950522
3.102855425,0.112544694
3.104448169,-0.1212556
3.106040775,-0.104165617
3.107633242,0.000215013
3.109225571,0.161275865
3.11081776,0.137726665
3.112409811,0.062816177
3.114001722,0.101031385
3.115593495,0.046722158
3.117185128,0.126330999
3.118776622,0.005098676
3.120367976,0.023037187
3.121959192,-0.067323794
3.123550268,0.085033895
3.125141204,0.12912876
3.126732001,0.163012663
3.128322658,0.279837389
3.129913175,0.422798386
3.131503552,0.353505901
3.13309379,0.196005695
3.134683888,0.323853985
3.136273845,0.368842239
3.137863663,0.408767971
3.139453341,0.318777524
3.141042878,0.509826893
3.142632275,0.169890476
3.144221531,0.345610563
3.145810647,0.203450602
3.147399623,0.259525494
3.148988458,0.320975471
3.150577152,0.147354546
3.152165706,0.025873747
3.153754119,-0.059061164
3.15534239,0.311690006
3.156930521,0.048756438
3.158518511,0.205177616
3.16010636,0.346142649
3.161694068,-0.01165022
3.163281635,-0.022933837
3.16486906,-0.107802999
3.166456344,-0.060030759
3.168043486,0.07743059
3.169630487,-0.185457212
3.171217346,0.295124965
3.172804064,0.164134792
3.17439064,0.054165231
3.175977074,0.033977264
3.177563367,0.013835262
3.179149517,-0.080366222
3.180735525,-0.047497999
3.182321392,-0.051614143
3.183907116,0.161813734
3.185492698,0.115521992
3.187078137,-0.063550491
3.188663435,-0.024868911
3.19024859,-0.044568176
3.191833602,0.052878613
3.193418472,-0.019908521
3.195003199,-0.108711856
3.196587783,-0.050523938
3.198172225,0.013156593
3.199756524,0.018247867
3.20134068,0.00204186
3.202924693,0.055418437
3.204508562,-0.206833775
3.206092289,-0.014125556
3.207675873,0.141406723
3.209259313,-0.099650885
3.21084261,0.072287914
3.212425763,0.110273149
3.214008773,0.137637211
3.215591639,0.165114122
3.217174362,0.009725761
3.218756941,0.096542665
3.220339376,0.215889001
3.221921668,0.222225565
3.223503815,0.201663619
3.225085819,0.337755334
3.226667678,0.187701124
3.228249394,0.210560821
3.229830965,0.136123344
3.231412392,0.29992163
3.232993674,0.128057092
3.234574812,0.140396791
3.236155806,0.076862739
3.237736655,-0.00840191
3.23931736,0.134504237
3.240897919,0.054751786
3.242478335,0.18716678
3.244058605,-0.001400826
3.24563873,0.191241693
3.24721871,0.073449445
3.248798546,0.168353136
3.250378236,0.045077461
3.251957781,0.009123686
3.25353718,0.066137677
3.255116435,-0.024405655
3.256695544,0.12040884
3.258274507,-0.002937107
3.259853325,0.016157181
3.261431998,0.040839942
3.263010525,0.065633097
3.264588905,-0.002847021
3.266167141,-0.131809164
3.26774523,0.124174743
3.269323173,0.050321409
3.27090097,0.064574468
3.272478622,0.084435818
3.274056127,0.038214386
3.275633485,-0.01903112
3.277210698,0.094937655
3.278787764,-0.034040611
3.280364683,-0.207360398
3.281941456,0.035085643
3.283518083,0.034264573
3.285094563,0.094479323
3.286670896,0.132671042
3.288247082,0.170991976
3.289823121,-0.018230745
3.291399014,0.092433216
3.292974759,0.053190892
3.294550357,0.375649719
3.296125809,0.119549084
3.297701113,0.013618332
3.299276269,0.152945188
3.300851279,0.069367254
3.30242614,-0.064492341
3.304000855,0.147926209
3.305575421,0.209764405
3.30714984,0.098340861
3.308724112,-0.085928953
3.310298235,0.071342683
3.311872211,0.212087368
3.313446039,0.089460497
3.315019719,0.286694435
3.31659325,-0.111116678
3.318166634,-0.003525537
3.319739869,0.183030303
3.321312956,0.189813407
3.322885895,0.100941297
3.324458685,-0.151406708
3.326031327,0.080982006
3.32760382,-0.075623943
3.329176165,-0.012126177
3.330748361,-0.208401372
3.332320408,0.019233816
3.333892306,0.026576521
3.335464056,-0.192477102
3.337035656,-0.024385713
3.338607107,-0.020411647
3.34017841,0.051728839
3.341749562,-0.051949932
3.343320566,0.037467922
3.344891421,-0.003666403
3.346462126,0.154325345
3.348032681,0.067834184
3.349603087,-0.024388606
3.351173343,0.128444297
3.35274345,0.042002475
3.354313407,0.098214243
3.355883214,-0.05102754
3.357452871,0.268253033
3.359022378,0.336404916
3.360591735,-0.241939778
3.362160943,0.278518535
3.363729999,-0.008226064
3.365298906,-0.146183885
3.366867662,0.013403278
3.368436268,0.138832036
3.370004724,0.195561223
3.371573029,0.171955623
3.373141183,0.36126405
3.374709187,0.222759524
3.37627704,0.297298652
3.377844742,0.124142602
3.379412293,0.314242721
3.380979693,0.22761229
3.382546942,0.366209732
3.384114041,0.377916308
3.385680988,0.586359923
3.387247783,0.436342247
3.388814428,0.53522829
3.390380921,0.651710339
3.391947263,0.762627708
3.393513453,1.08846875
3.395079491,0.956110624
3.396645378,1.102551218
3.398211114,1.127169493
3.399776697,1.006453537
3.401342129,0.943876876
3.402907408,0.980332943
3.404472536,1.139334191
3.406037512,0.884469526
3.407602335,0.868668595
3.409167006,0.876291401
3.410731525,0.942451899
3.412295892,0.552599184
3.413860106,0.454932623
3.415424168,0.720300051
3.416988077,0.505579418
3.418551833,0.38448033
3.420115437,0.550818329
3.421678888,0.241867606
3.423242186,0.326239716
3.424805332,0.299100735
3.426368324,0.219061842
3.427931163,0.439227326
3.42949385,0.070698878
3.431056383,0.220485828
3.432618762,0.046143363
3.434180989,-0.057517846
3.435743062,-0.167137325
3.437304981,0.302347006
3.438866747,0.033315279
3.44042836,-0.022952838
3.441989818,0.199092954
3.443551123,-0.117684057
3.445112275,0.086967551
3.446673272,-0.141134183
3.448234115,0.099554763
3.449794804,0.150539791
3.45135534,-0.149048742
3.452915721,-0.044457538
3.454475948,0.173443572
3.45603602,-0.090726711
3.457595938,-0.164439882
3.459155702,0.119658389
3.460715311,-0.001586898
3.462274766,-0.116935265
3.463834066,0.024589181
3.465393211,-0.108660754
3.466952201,0.039202529
3.468511037,0.121484933
3.470069718,0.000272219
3.471628243,0.07680902
3.473186614,0.009565254
3.474744829,0.224428062
3.47630289,-0.034837317
3.477860795,-0.071980429
3.479418544,0.023219181
3.480976139,0.040394254
3.482533577,0.057675691
3.48409086,-0.105702259
3.485647988,-0.00391209
3.48720496,0.092060062
3.488761776,0.007125554
3.490318436,0.133602245
3.491874941,0.205921738
3.493431289,-0.054263788
3.494987481,-0.193645283
3.496543518,0.057653839
3.498099398,0.20027253
3.499655121,-0.002505343
3.501210689,-0.229730523
3.5027661,0.192547064
3.504321355,0.226590701
3.505876453,0.120927297
3.507431394,0.021297607
3.508986179,0.165128764
3.510540807,0.016838755
3.512095279,0.039114407
3.513649593,-0.023885408
3.51520375,-0.007539576
3.516757751,-0.094906555
3.518311594,0.123245638
3.51986528,0.170547182
3.521418809,0.193519778
3.522972181,0.094155742
3.524525396,-0.091019553
3.526078452,0.048564584
3.527631352,0.249754571
3.529184094,0.021615448
3.530736678,0.094232801
3.532289104,-0.017350014
3.533841373,0.067806628
3.535393484,0.067005016
3.536945437,0.109392037
3.538497232,0.182726693
3.540048869,-0.113686277
3.541600348,0.02146612
3.543151668,0.082797017
3.544702831,0.255480765
3.546253835,0.150321557
3.54780468,0.193555073
3.549355367,0.100774502
3.550905896,-0.084928414
3.552456266,0.274529754
3.554006477,0.088875481
3.55555653,0.250526337
3.557106424,0.238632022
3.558656158,0.170898508
3.560205734,0.053436553
3.561755151,-0.113847635
3.563304409,-0.082173083
3.564853508,-0.04414343
3.566402447,0.143587106
3.567951227,0.10091547
3.569499848,0.008359533
3.571048309,0.065622528
3.572596611,0.029331168
3.574144753,-0.156954275
3.575692736,0.006917741
3.577240558,-0.010437993
3.578788222,0.016115055
3.580335725,0.005185968
3.581883068,0.013144314
3.583430251,0.083950853
3.584977274,0.079586295
3.586524138,0.131850204
3.58807084,-0.016910827
3.589617383,-0.090280817
3.591163765,7.29175E-06
3.592709987,-0.022878581
3.594256049,0.111858677
3.595801949,0.007206467
3.59734769,0.022409658
3.598893269,0.258721942
3.600438688,0.021546872
3.601983946,0.081308349
3.603529043,0.071645227
3.605073979,0.188660174
3.606618754,0.039880716
3.608163368,-0.026601768
3.609707821,0.135229935
3.611252113,-0.058014951
3.612796243,0.17402361
3.614340212,0.095107312
3.615884019,0.060685555
3.617427665,0.128095636
3.61897115,0.055636485
3.620514472,-0.09962667
3.622057633,0.025437898
3.623600633,0.048708666
3.62514347,0.123148112
3.626686145,0.076448905
3.628228659,-0.040500066
3.62977101,-0.061606675
3.631313199,-0.06985556
3.632855227,-0.31486438
3.634397091,0.093225647
3.635938794,0.046872469
3.637480334,-0.076403213
3.639021711,-0.020068634
3.640562926,0.119896056
3.642103979,0.060954867
3.643644869,0.137034507
3.645185595,0.142538161
3.64672616,0.090208746
3.648266561,-0.013619819
3.649806799,-0.033706491
3.651346874,0.068794431
3.652886787,-0.009158018
3.654426536,-0.138767397
3.655966121,0.01097736
3.657505544,-0.039399097
3.659044803,0.07196154
3.660583899,0.092937131
3.662122831,0.062218944
3.663661599,0.070435151
3.665200204,0.000942023
3.666738646,0.281814806
3.668276923,0.14762615
3.669815037,-0.025612326
3.671352986,0.119531401
3.672890772,0.284455538
3.674428394,0.104748052
3.675965851,-0.036015921
3.677503144,0.142420699
3.679040273,-0.030909174
3.680577238,-0.008642454
3.682114038,-0.045007949
3.683650674,-0.022539775
3.685187146,-0.228706028
3.686723452,0.027829554
3.688259594,0.134262352
3.689795571,-0.047184257
3.691331384,0.092274308
3.692867031,-0.069567809
3.694402514,-0.015045471
3.695937832,-0.058819811
3.697472984,0.127311773
3.699007972,0.103469465
3.700542794,-0.025519253
3.702077451,-0.200629186
3.703611942,0.029956351
3.705146268,0.083049656
3.706680429,0.261538413
3.708214424,0.242469946
3.709748253,0.144276706
3.711281917,0.079074544
3.712815414,0.079960737
3.714348747,-0.005008422
3.715881913,0.201091986
3.717414913,-0.022729508
3.718947747,-0.028155279
3.720480415,-0.026867388
3.722012917,-0.105061923
3.723545252,0.121970404
3.725077421,0.077154117
3.726609424,0.112097383
3.728141261,0.127233545
3.72967293,0.036059108
3.731204434,0.131218287
3.73273577,0.046782361
3.73426694,0.042298496
3.735797943,-0.028770896
3.737328779,0.140336177
3.738859449,0.022699776
3.740389951,0.092037324
3.741920286,-0.072365326
3.743450454,-0.083062466
3.744980455,-0.113752693
3.746510289,0.039190145
3.748039955,0.031625556
3.749569454,-0.176954394
3.751098785,0.043580226
3.752627949,0.244338095
3.754156945,-0.105228934
3.755685773,-0.011641802
3.757214434,0.203171447
3.758742927,-0.086217174
3.760271252,0.014562877
3.761799409,-0.066297808
3.763327398,0.061760364
3.764855219,0.007993851
3.766382871,0.217406195
3.767910356,-0.045436298
3.769437672,-0.10583418
3.77096482,0.023054678
3.772491799,0.050739743
3.77401861,-0.002656941
3.775545252,0.011692367
3.777071726,0.01937806
3.778598031,-0.1694371
3.780124167,-0.017666588
3.781650135,-0.028521459
3.783175933,-0.059668643
3.784701562,0.05194868
3.786227023,-0.114988337
3.787752314,0.017329464
3.789277436,0.013747257
3.790802389,-0.153222147
3.792327172,0.047750031
3.793851786,-0.064648325
3.795376231,-0.136141749
3.796900506,0.106448972
3.798424612,0.103480273
3.799948547,-0.213838833
3.801472314,0.309850995
3.80299591,-0.014372345
3.804519336,0.126767312
3.806042593,0.19279897
3.807565679,-0.166056424
3.809088596,-0.031328788
3.810611342,0.179155535
3.812133918,0.025984944
3.813656324,0.07888819
3.815178559,-0.163715492
3.816700624,0.095730016
3.818222519,0.059564286
3.819744243,0.106108743
3.821265796,0.090775723
3.822787179,-0.124464618
3.824308391,-0.015555513
3.825829432,-0.030696694
3.827350302,-0.232278856
3.828871001,0.118974869
3.83039153,0.007349178
3.831911887,-0.055868139
3.833432073,-0.015198146
3.834952088,0.150325599
3.836471931,0.059642798
3.837991603,0.038315144
3.839511104,-0.052344135
3.841030433,0.134765507
3.842549591,0.099839056
3.844068576,-0.101890556
3.845587391,0.009286809
3.847106033,0.051085004
3.848624504,0.023383175
3.850142803,0.051495822
3.851660929,0.21919199
3.853178884,-0.157003015
3.854696667,0.143596127
3.856214277,-0.08620231
3.857731715,-0.106504201
3.859248981,0.034104013
3.860766075,-0.286822198
3.862282996,-0.029776288
3.863799744,-0.115579032
3.86531632,0.022905668
3.866832723,0.021387284
3.868348954,0.104170427
3.869865012,0.137999274
3.871380897,0.235191871
3.872896609,0.269331703
3.874412148,0.19811031
3.875927514,0.063569742
3.877442706,0.288081278
3.878957726,0.625675303
3.880472572,0.0755279
3.881987246,0.49822624
3.883501745,-0.024198527
3.885016071,0.166093645
3.886530224,-0.010708504
3.888044203,-0.081569542
3.889558008,0.363966798
3.89107164,0.031560858
3.892585098,0.116698974
3.894098382,0.074488626
3.895611492,0.245025527
3.897124428,0.139193373
3.89863719,-0.002150969
3.900149778,0.119219062
3.901662191,-0.064734722
3.90317443,0.113817223
3.904686495,-0.191091008
3.906198386,-0.076272173
3.907710102,-0.025323249
3.909221644,-0.116742829
3.91073301,0.012874742
3.912244203,-0.156905825
3.91375522,-0.007033981
3.915266063,0.150250555
3.916776731,-0.163859776
3.918287223,0.115274979
3.919797541,0.287506294
3.921307684,0.109255497
3.922817652,-0.011794826
3.924327444,-0.032546302
3.925837061,0.011317057
3.927346503,0.342327769
3.928855769,0.077957121
3.93036486,-0.08604919
3.931873775,0.030156606
3.933382515,0.053109296
3.934891078,0.148140605
3.936399467,0.113793125
3.937907679,0.093914322
3.939415715,-0.048411311
3.940923576,-0.104259134
3.94243126,0.078042112
3.943938769,0.130697782
3.945446101,-0.134324395
3.946953257,-0.067071254
3.948460236,0.043748936
3.94996704,0.010079528
3.951473667,0.266066519
3.952980117,0.073321373
3.954486391,-0.134034285
3.955992488,-0.072260134
3.957498408,0.178342175
3.959004152,0.08084116
3.960509719,0.244842821
3.962015109,-0.230474662
3.963520322,0.144636262
3.965025357,0.27287215
3.966530216,0.05917385
3.968034898,-0.008971642
3.969539402,0.236315512
3.971043729,0.394466995
3.972547879,0.41426031
3.974051851,0.061841584
3.975555646,-0.07902891
3.977059263,0.072399364
3.978562703,0.180220996
3.980065965,0.090707116
3.981569049,-0.137902971
3.983071955,0.065515065
3.984574683,-0.001916129
3.986077233,0.348671764
3.987579606,0.06874706
3.9890818,0.192387565
3.990583816,0.007761636
3.992085653,0.036168147
3.993587313,-0.038240101
3.995088794,-0.061124608
3.996590096,-0.113377839
3.99809122,0.202699144
3.999592166,0.121261133
4.001092933,0.120948455
4.002593521,-0.085842119
4.00409393,0.157541601
4.005594161,0.164944353
4.007094212,0.009876964
4.008594085,0.032201766
4.010093778,-0.011929155
4.011593292,-0.033798157
4.013092628,-0.0333685
4.014591784,0.078321291
4.01609076,-0.217557793
4.017589557,0.183683656
4.019088175,-0.008338151
4.020586613,-0.148479837
4.022084872,0.013209344
4.023582951,0.004179631
4.02508085,0.024999548
4.02657857,0.120375494
4.02807611,-0.096813062
4.029573469,0.110574732
4.031070649,0.034999278
4.032567649,0.093710794
4.034064468,-0.175791518
4.035561108,0.129499048
4.037057567,-0.192367838
4.038553845,0.083553873
4.040049944,0.247688086
4.041545862,0.015476813
4.043041599,-0.007228602
4.044537156,-0.007378743
4.046032532,-0.127356179
4.047527728,0.075133468
4.049022742,0.105358404
4.050517576,0.120705247
4.052012229,0.15119783
4.053506701,-0.04365384
4.055000991,0.182517027
4.056495101,0.160738824
4.05798903,-0.041636247
4.059482777,0.222880598
4.060976343,0.012994905
4.062469727,-0.151768958
4.06396293,0.188879054
4.065455952,-0.134276997
4.066948792,-0.178226828
4.06844145,0.269069424
4.069933927,-0.144977927
4.071426221,0.098778171
4.072918334,-0.096095444
4.074410265,-0.132039608
4.075902014,-0.08161637
4.077393581,0.173657419
4.078884966,0.254851912
4.080376168,0.176865319
4.081867189,0.159647851
4.083358027,0.248881497
4.084848682,-0.034153767
4.086339155,-0.058798129
4.087829446,-0.106191003
4.089319554,0.120562989
4.09080948,0.119134772
4.092299222,-0.034623617
4.093788782,0.124219625
4.095278159,-0.090525667
4.096767353,0.312957402
4.098256364,-0.031548776
4.099745192,-0.108841861
4.101233837,0.180904856
4.102722299,-0.309254525
4.104210577,0.026833735
4.105698672,0.011102822
4.107186584,-0.088823897
4.108674313,0.117909095
4.110161857,-0.142933199
4.111649218,0.148625617
4.113136396,0.079704291
4.11462339,-0.112105822
4.1161102,-0.134902262
4.117596826,0.073135745
4.119083268,-0.018599551
4.120569526,-0.041033363
4.122055601,0.075271281
4.123541491,0.338240922
4.125027197,0.285438942
4.126512718,0.201828364
4.127998055,0.311219138
4.129483208,-0.073459424
4.130968177,0.059299953
4.132452961,0.300547242
4.13393756,0.039348733
4.135421975,0.072087449
4.136906205,0.097225265
4.13839025,-0.016960325
4.13987411,0.008374134
4.141357786,0.095890049
4.142841276,-0.087988646
4.144324582,0.061897099
4.145807702,0.157672534
4.147290637,0.25365679
4.148773387,0.06213495
4.150255952,0.14282693
4.151738331,-0.002030119
4.153220524,0.476131887
4.154702533,0.105538854
4.156184355,0.12448719
4.157665992,0.307373238
4.159147444,0.264228785
4.160628709,-0.013107369
4.162109789,0.014068579
4.163590682,0.221164949
4.16507139,0.053192161
4.166551912,0.033824903
4.168032248,0.100663998
4.169512397,0.285174819
4.17099236,-0.008065394
4.172472137,0.223845342
4.173951728,0.134459907
4.175431132,0.209922342
4.176910349,0.152069469
4.17838938,0.039266556
4.179868225,-0.104987628
4.181346882,0.018138975
4.182825353,0.1651106
4.184303637,0.139129428
4.185781734,0.018702582
4.187259645,-0.015041592
4.188737368,-0.159107427
4.190214904,0.193832452
4.191692253,0.10520224
4.193169414,0.174544993
4.194646389,0.259872818
4.196123176,-0.200099272
4.197599775,0.185918345
4.199076187,0.065954773
4.200552412,-0.133199806
4.202028449,-0.082354281
4.203504298,0.230212137
4.20497996,0.352887615
4.206455433,0.015622082
4.207930719,0.344926718
4.209405817,0.206089664
4.210880726,-0.004293692
4.212355448,0.166832627
4.213829982,0.298472801
4.215304327,0.048357424
4.216778484,0.16436917
4.218252452,0.105348708
4.219726233,0.428962445
4.221199824,0.09910594
4.222673228,-0.055445218
4.224146442,0.236983882
4.225619468,-0.109109615
4.227092305,0.127877356
4.228564954,0.029438173
4.230037413,-0.044992313
4.231509684,-0.031355335
4.232981765,-0.033606126
4.234453658,0.212589427
4.235925361,0.034356128
4.237396875,0.240963856
4.2388682,0.295455558
4.240339335,0.01298059
4.241810281,0.051575044
4.243281038,0.202811565
4.244751605,0.113139631
4.246221982,-0.129329138
4.24769217,-0.033947855
4.249162168,0.118000073
4.250631976,0.125219
4.252101595,0.37433531
4.253571023,-0.037375139
4.255040262,0.083057851
4.25650931,0.034226114
4.257978169,0.155041223
4.259446837,0.106422757
4.260915314,0.090202557
4.262383602,0.397576981
4.263851699,0.10660211
4.265319606,-0.071212262
4.266787322,0.139686634
4.268254847,0.399529782
4.269722182,0.181398193
4.271189327,0.182176255
4.27265628,0.369727536
4.274123043,0.184075377
4.275589614,0.363917026
4.277055995,-0.138673774
4.278522185,0.163389004
4.279988183,0.124164657
4.28145399,0.369905762
4.282919606,0.062228943
4.284385031,0.161750377
4.285850265,0.334849967
4.287315307,0.39405311
4.288780157,0.069917744
4.290244816,0.284389584
4.291709283,0.433843938
4.293173559,0.779683671
4.294637643,0.586370597
4.296101535,0.221204635
4.297565235,0.264988805
4.299028743,0.276178813
4.300492059,0.336645704
4.301955183,0.430069979
4.303418115,0.679498636
4.304880855,0.814430755
4.306343402,0.457133367
4.307805757,0.485562714
4.30926792,0.284088187
4.31072989,0.263370863
4.312191667,0.407227311
4.313653252,0.11525735
4.315114644,0.456978866
4.316575844,0.387350013
4.318036851,-0.053029454
4.319497665,0.10808756
4.320958285,0.409691633
4.322418713,0.257846086
4.323878948,0.180272324
4.32533899,0.267937914
4.326798838,-0.02433757
4.328258493,0.055277246
4.329717955,0.168172543
4.331177224,0.330948241
4.332636299,0.229039328
4.33409518,0.408800993
4.335553868,0.20760813
4.337012363,0.105840114
4.338470663,0.178303774
4.33992877,0.134755007
4.341386683,-0.066492858
4.342844402,-0.026890127
4.344301927,-0.003756673
4.345759258,0.194147643
4.347216394,0.267560989
4.348673337,0.016533244
4.350130085,0.256720295
4.35158664,-0.027646902
4.353042999,-0.045425757
4.354499165,0.103689502
4.355955135,0.236376499
4.357410912,0.177310313
4.358866493,-0.065431742
4.36032188,0.376873504
4.361777072,0.259623183
4.363232069,0.108923903
4.364686872,0.041873936
4.366141479,-7.98309E-06
4.367595892,-0.150693948
4.369050109,-0.001954763
4.370504131,0.247645897
4.371957958,0.17887782
4.37341159,0.194075791
4.374865026,0.016312566
4.376318267,0.266863848
4.377771312,-0.154493038
4.379224162,0.121671314
4.380676817,0.297279404
4.382129275,-0.04856992
4.383581538,0.388352168
4.385033605,0.000339619
4.386485476,-0.177242704
4.387937152,0.049814273
4.389388631,0.268767637
4.390839914,0.08297601
4.392291001,0.23484357
4.393741892,0.074438586
4.395192587,0.066115859
4.396643085,0.218543818
4.398093387,-0.000950081
4.399543492,0.01642357
4.400993401,-0.220066023
4.402443114,-0.008096663
4.403892629,-0.083943768
4.405341948,-0.015609338
4.406791071,0.493991566
4.408239996,0.206470134
4.409688725,0.01219308
4.411137256,0.01322138
4.412585591,0.311805116
4.414033728,0.007135769
4.415481668,0.221171281
4.416929411,0.112145037
4.418376957,0.18192913
4.419824305,0.260414769
4.421271456,0.1430911
4.42271841,0.119561203
4.424165166,0.403196292
4.425611724,0.311734688
4.427058085,0.297145718
4.428504247,0.342452793
4.429950213,0.42210247
4.43139598,0.373705409
4.432841549,0.214191533
4.43428692,0.422608097
4.435732093,0.306014891
4.437177068,0.352169338
4.438621845,0.355641265
4.440066424,0.290653525
4.441510804,0.208572734
4.442954986,0.16085959
4.444398969,0.241991709
4.445842754,0.168724978
4.447286341,0.250175055
4.448729728,0.048140791
4.450172917,0.190052425
4.451615907,0.211755452
4.453058699,0.018397167
4.454501291,0.09195467
4.455943685,0.001998882
4.457385879,-0.010341721
4.458827874,-0.00532449
4.460269671,-0.017437104
4.461711268,-0.115754698
4.463152665,0.217729035
4.464593863,-0.061754308
4.466034862,-0.030214393
4.467475662,-0.102289913
4.468916262,0.145776809
4.470356662,0.229745558
4.471796862,-0.032439482
4.473236863,0.034441753
4.474676664,-0.132492258
4.476116265,-0.282113867
4.477555666,0.166779868
4.478994868,0.034757708
4.480433869,-0.149353745
4.48187267,0.144220204
4.48331127,-0.222250719
4.484749671,-0.032528222
4.486187871,-0.129535849
4.487625871,-0.052478281
4.48906367,0.08570748
4.490501269,-0.132940871
4.491938668,-0.166020129
4.493375865,0.228125943
4.494812862,0.064608982
4.496249658,-0.09020636
4.497686254,-0.000636839
4.499122648,0.028008776
4.500558842,0.048064855
4.501994834,0.111962003
4.503430625,0.141061759
4.504866216,0.030342835
4.506301605,0.02467004
4.507736792,-0.024663422
4.509171779,0.162588738
4.510606564,0.06970107
4.512041147,0.020690381
4.513475529,0.103325289
4.514909709,0.054531889
4.516343688,0.234066349
4.517777465,0.053794053
4.51921104,-0.144086216
4.520644413,0.009595487
4.522077585,0.058005007
4.523510554,0.027398071
4.524943321,-0.003112412
4.526375886,0.028113436
4.527808249,0.270918037
4.52924041,0.452364056
4.530672368,-0.115369065
4.532104125,-0.013075579
4.533535678,-0.131190761
4.534967029,-0.035048911
4.536398178,-0.044690018
4.537829124,0.14018354
4.539259867,0.157377957
4.540690408,0.148179029
4.542120745,0.130248114
4.54355088,0.077019037
4.544980812,0.068145138
4.546410541,0.546647002
4.547840066,0.157103418
4.549269389,0.379163985
4.550698508,0.078167945
4.552127425,0.176390578
4.553556137,0.399118372
4.554984647,0.106997587
4.556412953,0.26793366
4.557841055,-0.068693925
4.559268954,0.377147282
4.560696649,0.120603379
4.562124141,0.041987788
4.563551428,-0.009855458
4.564978512,0.098739236
4.566405392,-0.041999987
4.567832068,-0.048989205
4.56925854,0.167143725
4.570684808,0.071248132
4.572110872,0.234299491
4.573536731,0.067148904
4.574962386,-0.117888959
4.576387837,-0.061603759
4.577813084,0.057454216
4.579238126,-0.002192996
4.580662963,-0.07071844
4.582087596,0.030954368
4.583512024,-0.028404807
4.584936247,0.190124929
4.586360266,-0.164827667
4.58778408,-0.026643662
4.589207688,-0.1125437
4.590631092,0.070913814
4.592054291,0.05707856
4.593477285,-0.118360428
4.594900073,0.218500444
4.596322656,0.052225654
4.597745034,-0.051093059
4.599167207,-0.109375298
4.600589174,0.030488352
4.602010936,0.026484901
4.603432492,-0.130576182
4.604853842,-0.074656843
4.606274987,-0.081691461
4.607695926,-0.016430777
4.609116659,0.247573501
4.610537187,0.087544301
4.611957508,0.072038057
4.613377623,-0.115053958
4.614797533,-0.103282117
4.616217236,-0.127551003
4.617636733,0.092583071
4.619056024,-0.003785484
4.620475108,0.108169046
4.621893986,0.165987359
4.623312658,0.142413763
4.624731123,0.055481163
4.626149381,0.032096629
4.627567433,-0.145439386
4.628985278,0.067351328
4.630402917,0.144220773
4.631820348,-0.305662509
4.633237573,-0.028671734
4.634654591,-0.160496185
4.636071401,0.044263988
4.637488005,-0.123783596
4.638904402,0.081413301
4.640320591,-0.059178607
4.641736573,0.11913307
4.643152348,0.042501335
4.644567915,-0.107013282
4.645983275,0.035390196
4.647398427,-0.223504016
4.648813372,-0.030909122
4.650228109,0.061502984
4.651642638,0.044473746
4.65305696,-0.100410648
4.654471073,0.230222386
4.655884979,0.058108055
4.657298677,-0.031651303
4.658712167,0.107529843
4.660125449,0.027133662
4.661538522,0.020103018
4.662951388,-0.105968014
4.664364045,0.189811009
4.665776494,0.073137501
4.667188734,-0.10774246
4.668600766,-0.114198425
4.670012589,0.00805489
4.671424204,0.139722566
4.67283561,0.124551482
4.674246807,-0.15717716
4.675657796,0.324542009
4.677068576,0.033723667
4.678479146,-0.16513033
4.679889508,0.151760954
4.681299661,-0.157512419
4.682709605,-0.06133002
4.684119339,0.035057443
4.685528865,0.048626885
4.686938181,-0.103775532
4.688347287,-0.12691982
4.689756184,-0.015769729
4.691164872,0.169511537
4.692573351,-0.051621645
4.693981619,0.208022207
4.695389678,0.0517409
4.696797527,-0.011995267
4.698205167,-0.084909075
4.699612596,0.064514345
4.701019816,0.02889139
4.702426826,0.039711588
4.703833625,-0.246029036
4.705240215,0.228724774
4.706646594,0.100839073
4.708052763,0.028679872
4.709458722,-0.071264043
4.710864471,-0.068967069
4.712270009,0.017102698
4.713675336,-0.08257129
4.715080453,-0.042682883
4.71648536,0.081104318
4.717890055,0.037577181
4.71929454,0.03139229
4.720698815,0.248891496
4.722102878,-0.00855602
4.72350673,-0.17284978
4.724910372,0.054538755
4.726313802,0.058330582
4.727717022,0.136918274
4.72912003,-0.139084957
4.730522827,-0.069591071
4.731925412,-0.252187299
4.733327786,0.076470756
4.734729949,-0.00591622
4.7361319,0.005306554
4.73753364,0.026026534
4.738935168,-0.187137798
4.740336485,-0.019289548
4.741737589,0.186290274
4.743138482,-0.020205662
4.744539163,0.00765887
4.745939633,-0.039355846
4.74733989,0.082609967
4.748739935,0.110938894
4.750139768,0.083083287
4.751539389,-0.019806322
4.752938797,0.102876461
4.754337993,-0.253622729
4.755736977,0.08561115
4.757135749,0.31234482
4.758534308,0.059436082
4.759932654,-0.108802255
4.761330788,-0.126351383
4.762728709,-0.00578516
4.764126418,0.115002734
4.765523913,0.038020431
4.766921196,0.008271389
4.768318266,0.157900795
4.769715123,0.128438305
4.771111766,-0.023662043
4.772508197,-0.166296966
4.773904414,0.144653832
4.775300419,0.115671865
4.77669621,0.077344742
4.778091787,-0.027095294
4.779487151,0.228116541
4.780882302,0.076587417
4.782277239,0.038719647
4.783671963,-0.160092257
4.785066473,0.105452812
4.786460769,0.162755993
4.787854851,-0.092733567
4.78924872,-0.101606523
4.790642374,0.050990038
4.792035815,-0.014536515
4.793429041,0.157464003
4.794822054,0.149201143
4.796214852,0.03651508
4.797607436,0.085516479
4.798999805,0.14419789
4.800391961,0.241114362
4.801783902,0.262087448
4.803175628,0.045165256
4.80456714,0.085399661
4.805958437,0.182967943
4.80734952,-0.138669114
4.808740388,0.188006238
4.810131041,0.104878534
4.811521479,0.413057886
4.812911702,0.139304555
4.814301711,0.085118243
4.815691504,0.26983937
4.817081082,0.110813391
4.818470445,0.334179992
4.819859593,-0.044610941
4.821248526,-0.117422066
4.822637243,0.0203779
4.824025745,-0.100058158
4.825414031,0.076418831
4.826802102,0.243575059
4.828189957,0.142658528
4.829577596,0.137668996
4.83096502,0.161579471
4.832352228,0.128082031
4.83373922,-0.116428331
4.835125996,-0.130578468
4.836512556,0.191510101
4.837898901,0.283399777
4.839285029,-0.008911122
4.840670941,0.07362839
4.842056636,0.165976796
4.843442116,-0.116657416
4.844827379,0.255036697
4.846212426,0.155414088
4.847597256,0.344759215
4.848981869,-0.043634379
4.850366267,-0.12378628
4.851750447,-0.0115387
4.853134411,-0.063016514
4.854518158,0.020659542
4.855901688,0.017677816
4.857285001,0.236857
4.858668097,0.224561174
4.860050977,0.019191643
4.861433639,0.171359643
4.862816084,-0.178898094
4.864198312,-0.13279237
4.865580322,0.261717357
4.866962115,0.163127755
4.868343691,-0.158030182
4.869725049,0.140449853
4.87110619,-0.015993918
4.872487114,-0.07551112
4.873867819,0.029848154
4.875248307,0.174199726
4.876628577,-0.049798973
4.87800863,0.046380677
4.879388464,0.239822332
4.88076808,0.210214239
4.882147479,-0.100945046
4.883526659,-0.004108831
4.884905622,0.326188922
4.886284366,0.112387453
4.887662892,-0.091695515
4.889041199,0.171210752
4.890419288,0.161927335
4.891797159,0.035948577
4.893174811,-0.080239179
4.894552245,0.017954512
4.89592946,0.26252737
4.897306456,-0.028762876
4.898683233,0.147968324
4.900059792,0.09083655
4.901436132,0.25823935
4.902812253,0.13305025
4.904188155,-0.079965504
4.905563838,-0.048791535
4.906939302,-0.11516969
4.908314546,0.111769996
4.909689571,-0.149872447
4.911064378,0.155723069
4.912438964,0.265980346
4.913813331,0.073050972
4.915187479,0.134676461
4.916561407,0.186685816
4.917935116,0.033139105
4.919308605,0.12462233
4.920681874,0.000639932
4.922054924,0.033608826
4.923427753,0.037309939
4.924800363,-0.125660085
4.926172752,-0.063210263
4.927544922,0.176154544
4.928916872,0.02293518
4.930288601,0.292231966
4.93166011,-0.037681303
4.933031399,0.163224577
4.934402467,0.315224255
4.935773316,0.123141121
4.937143943,0.039321588
4.93851435,0.044181659
4.939884537,-0.108370274
4.941254503,0.083875243
4.942624248,0.069461193
4.943993772,0.311443354
4.945363076,0.07059829
4.946732158,0.105893785
4.94810102,0.121618052
4.949469661,-0.059887698
4.95083808,-0.122905512
4.952206279,-0.025913969
4.953574256,0.031763972
4.954942012,0.336649154
4.956309547,0.167412243
4.95767686,0.205845098
4.959043952,0.046628711
4.960410822,0.273304318
4.961777471,0.054906108
4.963143898,0.252302992
4.964510104,0.034039506
4.965876087,0.142676022
4.967241849,0.192064305
4.968607389,-0.115213527
4.969972707,0.083130387
4.971337803,-0.134829255
4.972702677,-0.025382638
4.974067329,0.064421632
4.975431759,-0.004417676
4.976795967,0.125447739
4.978159952,-0.062338255
4.979523715,0.087740027
4.980887255,0.059138021
4.982250573,-0.009112404
4.983613668,-0.027537389
4.984976541,0.033754308
4.986339191,0.135028884
4.987701619,-0.251271626
4.989063823,0.14898534
4.990425805,-0.087856376
4.991787564,0.014061833
4.9931491,0.04641458
4.994510413,0.088895955
4.995871502,0.121569793
4.997232369,0.174354025
4.998593012,0.117544966
4.999953432,-0.118826739
5.001313629,0.024213171
5.002673603,0.19744077
5.004033353,0.101167834
5.005392879,0.164872935
5.006752182,0.038823546
5.008111261,0.242819244
5.009470117,0.04698173
5.010828748,0.081290392
5.012187156,0.085734605
5.01354534,0.110343921
5.0149033,0.075023022
5.016261036,0.069872779
5.017618549,0.145019821
5.018975836,-0.08033712
5.0203329,-0.165323286
5.02168974,0.082258132
5.023046355,-0.020985666
5.024402746,0.267201419
5.025758912,-0.09674381
5.027114854,0.021181994
5.028470571,0.169446747
5.029826064,-0.083912454
5.031181332,-0.015704309
5.032536375,0.052683875
5.033891194,0.181581776
5.035245788,-0.141907647
5.036600157,0.057715003
5.0379543,0.187147747
5.039308219,0.175864876
5.040661913,0.275479082
5.042015381,0.324929925
5.043368625,-0.01837773
5.044721643,0.03129965
5.046074436,0.081146312
5.047427003,0.080744161
5.048779345,0.151088301
5.050131461,0.019826786
5.051483352,0.191397567
5.052835017,0.030070961
5.054186457,0.010164781
5.05553767,0.061093495
5.056888658,0.102088638
5.05823942,0.143248119
5.059589956,0.063262414
5.060940266,0.064269232
5.06229035,0.156450978
5.063640208,-0.004113617
5.06498984,0.219948332
5.066339246,0.211443127
5.067688425,0.142319098
5.069037378,0.04291239
5.070386104,0.055039634
5.071734604,0.057181063
5.073082877,0.079739737
5.074430924,0.183571669
5.075778744,-0.047105002
5.077126338,0.138196288
5.078473704,0.009147153
5.079820844,0.27605633
5.081167757,0.309717659
5.082514443,0.13025398
5.083860902,0.042267955
5.085207134,-0.147242736
5.086553138,-0.039268532
5.087898916,0.089241009
5.089244466,0.095920316
5.090589789,0.082399829
5.091934884,0.099541266
5.093279752,0.177904156
5.094624393,-0.028617376
5.095968806,0.141691801
5.097312991,-0.156342281
5.098656949,0.126389401
5.100000679,-0.06960315
5.101344181,-0.082054971
5.102687455,-0.043384414
5.104030502,-0.055550254
5.10537332,0.095662003
5.10671591,-0.059061911
5.108058273,0.031266882
5.109400407,-0.102847911
5.110742312,0.008229272
5.11208399,0.334042552
5.113425439,0.21054933
5.11476666,0.158683746
5.116107652,0.250069167
5.117448416,0.208699588
5.118788951,0.320889839
5.120129258,0.259339659
5.121469336,0.167197443
5.122809185,0.003491258
5.124148805,0.208474878
5.125488197,-0.252046459
5.126827359,0.106938185
5.128166293,-0.117863006
5.129504997,0.036622076
5.130843473,-0.034232388
5.132181719,-0.094723856
5.133519736,0.039799645
5.134857523,-0.338494752
5.136195081,-0.030672318
5.13753241,0.092665253
5.13886951,-0.091841716
5.140206379,0.103726461
5.14154302,0.124887094
5.14287943,-0.018214798
5.144215611,-0.05845806
5.145551562,-0.04717154
5.146887283,-0.076870351
5.148222774,-0.055008467
5.149558036,-0.125591134
5.150893067,-0.021236131
5.152227868,0.093608399
5.15356244,-0.100239551
5.15489678,-0.005667526
5.156230891,-0.024221281
5.157564771,0.029488203
5.158898421,-0.071229697
5.160231841,-0.037834891
5.16156503,0.15039371
5.162897989,-0.073703818
5.164230716,0.073630073
5.165563214,-0.078072467
5.16689548,-0.05423776
5.168227516,0.011049048
5.169559321,0.097164812
5.170890895,-0.095415803
5.172222238,0.083987995
5.17355335,-0.129066493
5.17488423,-0.074147664
5.17621488,-0.029396742
5.177545299,0.025861524
5.178875486,0.01922834
5.180205442,-0.070032661
5.181535166,0.05813027
5.182864659,-0.092980288
5.184193921,0.087295005
5.185522951,0.102105038
5.186851749,0.034200139
5.188180316,0.090737757
5.189508651,0.06454129
5.190836754,-0.054812689
5.192164625,-0.122236963
5.193492265,-0.018729716
5.194819672,-0.049875786
5.196146847,0.240740094
5.197473791,-0.007999311
5.198800502,-0.038728489
5.200126981,0.169467584
5.201453227,-0.058254063
5.202779242,0.025678444
5.204105023,-0.046047239
5.205430573,0.090176351
5.20675589,-0.002065531
5.208080974,-0.03182275
5.209405826,0.00094505
5.210730445,0.023471029
5.212054831,-0.265953577
5.213378985,0.110614924
5.214702905,0.09198531
5.216026593,-0.103486327
5.217350048,-0.069816216
5.218673269,0.141072932
5.219996258,-0.074915948
5.221319013,-0.061618947
5.222641535,0.076895182
5.223963824,0.00712819
5.22528588,0.031316733
5.226607702,0.191238754
5.227929291,0.069732421
5.229250646,0.104822245
5.230571767,0.129637591
5.231892655,0.133733595
5.23321331,0.263261846
5.23453373,0.017057739
5.235853917,-0.114212985
5.23717387,-0.120028453
5.238493588,0.087253954
5.239813073,0.221610324
5.241132324,-0.072437894
5.242451341,0.072690584
5.243770123,-0.001596359
5.245088672,0.133440258
5.246406986,0.069889139
5.247725066,0.163432302
5.249042911,-0.088255958
5.250360522,0.173096788
5.251677898,0.036785215
5.25299504,0.068143742
5.254311947,-0.078429777
5.25562862,0.131340095
5.256945057,0.215579804
5.25826126,0.142763169
5.259577228,0.112001835
5.260892961,-0.002520206
5.262208459,-0.200855589
5.263523722,0.020522377
5.26483875,0.147698084
5.266153543,0.212099799
5.2674681,0.119210065
5.268782423,0.078928245
5.27009651,0.122792325
5.271410361,0.082788823
5.272723977,-0.030627055
5.274037358,0.307914867
5.275350503,0.037136654
5.276663412,0.207922409
5.277976086,0.095028928
5.279288523,-0.017762566
5.280600726,-0.119933009
5.281912692,-0.236605275
5.283224422,0.128064423
5.284535916,0.135173126
5.285847174,0.18454056
5.287158197,0.128782449
5.288468983,0.073149767
5.289779532,-0.077157571
5.291089846,0.278323869
5.292399923,-0.050844214
5.293709764,-0.158662963
5.295019368,0.229077495
5.296328736,0.111022759
5.297637867,0.024706888
5.298946761,0.107267999
5.300255419,-0.17923056
5.30156384,-0.096910009
5.302872025,0.038358395
5.304179972,0.047157376
5.305487683,0.119453865
5.306795156,0.096887942
5.308102393,0.190640267
5.309409392,0.052173997
5.310716154,-0.086196501
5.312022679,-0.00254977
5.313328967,0.038997799
5.314635017,-0.183581849
5.315940831,0.059141662
5.317246406,0.132894514
5.318551744,0.058737622
5.319856845,0.101075399
5.321161708,-0.099795331
5.322466333,0.080408571
5.32377072,-0.046146344
5.32507487,0.007383221
5.326378782,0.135204415
5.327682456,0.040808181
5.328985892,0.010083811
5.330289089,-0.041693105
5.331592049,0.065611394
5.332894771,-0.028272162
5.334197254,-0.238647275
5.3354995,0.081174322
5.336801506,-0.012311472
5.338103275,0.010986552
5.339404805,-0.061031639
5.340706097,-0.069266846
5.34200715,0.145492321
5.343307964,0.116360235
5.34460854,-0.082482429
5.345908877,-0.121984725
5.347208975,-0.131315772
5.348508834,0.156889277
5.349808455,-0.234524663
5.351107836,-0.041563166
5.352406979,-0.06091814
5.353705882,0.089923484
5.355004546,0.070881999
5.356302971,0.222095223
5.357601157,0.139564329
5.358899104,0.035883011
5.360196811,0.059964626
5.361494279,-0.0434673
5.362791507,0.012829964
5.364088495,-0.20741712
5.365385245,-0.003802417
5.366681754,0.263907005
5.367978024,-0.160271179
5.369274054,-0.062598317
5.370569844,0.099165465
5.371865394,0.175904766
5.373160704,0.167577598
5.374455775,0.180710445
5.375750605,0.172679563
5.377045195,-0.005769342
5.378339545,-0.120154714
5.379633654,-0.124359325
5.380927524,0
